BidDate,ProjectType,Location,ClientType,BidAmount,EstimatedCost,CompetitorCount,WinStatus
2024-01-01,Industrial,New York,Private,41551.0657048653,45096.59529134242,3,1
2024-01-02,Infrastructure,New York,Corporate,72018.64377981005,11502.903724956905,7,1
2024-01-03,Commercial,New York,Private,15566.457381734366,19499.423633813643,4,1
2024-01-04,Industrial,Phoenix,Private,22660.66682353181,17962.519714415404,5,0
2024-01-05,Industrial,Houston,Corporate,198871.4485824851,60310.8517613651,1,0
2024-01-06,Infrastructure,Phoenix,Non-Profit,31042.289182953,52540.749950631995,7,0
2024-01-07,Commercial,Houston,Government,21017.04422592308,23819.561805437927,6,0
2024-01-08,Commercial,Phoenix,Non-Profit,102401.10192615849,58502.272120910966,2,1
2024-01-09,Industrial,Phoenix,Corporate,195967.5091175684,28376.59360259721,7,1
2024-01-10,Residential,Chicago,Government,122878.74199584426,37359.588942553826,1,1
2024-01-11,Industrial,Phoenix,Corporate,162112.80285266586,261307.22211558858,4,1
2024-01-12,Industrial,Los Angeles,Corporate,28091.011014716656,187298.90680017523,6,0
2024-01-13,Industrial,Chicago,Private,14446.238283641007,13365.32256147668,6,0
2024-01-14,Industrial,Phoenix,Government,268695.39380993816,112390.24426496713,6,1
2024-01-15,Infrastructure,New York,Private,43361.19350234794,110348.25017259424,3,1
2024-01-16,Commercial,Los Angeles,Government,46591.20104670287,15548.768389878356,2,1
2024-01-17,Infrastructure,Los Angeles,Corporate,225978.27421672374,111165.75377921466,4,0
2024-01-18,Infrastructure,Los Angeles,Corporate,104425.58687383356,228189.5491362734,4,0
2024-01-19,Infrastructure,Chicago,Non-Profit,94455.84655584847,15953.84577796653,6,0
2024-01-20,Industrial,Phoenix,Government,521780.53368338983,19584.567820336997,4,0
2024-01-21,Residential,Phoenix,Private,31460.301797466273,135626.69038175998,2,1
2024-01-22,Commercial,New York,Non-Profit,151424.15145182176,64311.600804940615,2,0
2024-01-23,Residential,New York,Non-Profit,63386.93996084165,85090.9765321324,5,1
2024-01-24,Infrastructure,Los Angeles,Non-Profit,78322.66305519626,68912.24871120324,7,0
2024-01-25,Infrastructure,New York,Private,276086.20321199845,72453.18592688859,7,0
2024-01-26,Residential,Chicago,Non-Profit,99492.3221939623,13010.70646455299,5,1
2024-01-27,Residential,Phoenix,Private,102569.51871685965,139709.10334087248,1,0
2024-01-28,Residential,Los Angeles,Non-Profit,174994.06487137356,157879.9151633613,7,0
2024-01-29,Infrastructure,New York,Private,41566.393468864444,38972.410665199764,2,0
2024-01-30,Infrastructure,Chicago,Corporate,25868.733888014995,46935.19268805069,2,0
2024-01-31,Commercial,Chicago,Corporate,21061.264065262876,10603.002529011752,7,0
2024-02-01,Commercial,New York,Corporate,8380.337026476225,81981.98082137051,2,0
2024-02-02,Infrastructure,Phoenix,Corporate,467992.30382225383,86860.39396530972,5,1
2024-02-03,Residential,New York,Corporate,19866.528989017716,46065.01204404857,6,1
2024-02-04,Residential,Los Angeles,Non-Profit,47989.92521061561,150897.08993884773,6,1
2024-02-05,Commercial,New York,Non-Profit,45396.337097877054,35098.81924063098,4,1
2024-02-06,Infrastructure,Chicago,Non-Profit,81422.48137354924,86215.55785245927,6,0
2024-02-07,Commercial,New York,Private,135365.96107422505,17682.587217338147,3,0
2024-02-08,Commercial,Phoenix,Private,141559.22905223214,47879.74573172565,5,1
2024-02-09,Industrial,Houston,Private,33420.426417914015,41177.43709895988,2,0
2024-02-10,Industrial,New York,Private,50659.309136961136,61408.769031539145,7,1
2024-02-11,Industrial,Phoenix,Corporate,79425.91270576415,33876.372405154594,6,0
2024-02-12,Residential,Phoenix,Corporate,46691.10123639193,42981.60035277983,5,0
2024-02-13,Infrastructure,Chicago,Corporate,298744.97918759106,111976.82076928658,6,1
2024-02-14,Infrastructure,Phoenix,Government,97828.86460988087,31673.50363145349,1,1
2024-02-15,Infrastructure,Phoenix,Non-Profit,124851.1848748085,9832.2482416217,2,0
2024-02-16,Infrastructure,Phoenix,Private,116178.28950849659,281977.87917607155,1,0
2024-02-17,Industrial,Phoenix,Private,193585.36510189302,195136.39970578332,2,0
2024-02-18,Residential,Los Angeles,Corporate,71755.62722027668,13463.49603876758,5,1
2024-02-19,Residential,Los Angeles,Private,16369.38419966755,97704.97962373694,4,1
2024-02-20,Industrial,Chicago,Private,89293.85502193905,29644.302559395885,6,1
2024-02-21,Residential,New York,Non-Profit,31214.65909386682,63798.644009093965,6,0
2024-02-22,Industrial,Phoenix,Corporate,35291.002306024406,65790.0657198645,3,1
2024-02-23,Infrastructure,New York,Non-Profit,107620.24060756023,38777.37355394367,7,0
2024-02-24,Industrial,New York,Government,206546.9593190136,22386.969154893002,1,0
2024-02-25,Infrastructure,Chicago,Government,61161.40160100773,24574.361123879866,6,0
2024-02-26,Infrastructure,Phoenix,Government,81538.698324235,19610.258173788734,5,0
2024-02-27,Commercial,Phoenix,Corporate,328474.6498869664,21336.570231586746,4,1
2024-02-28,Industrial,Houston,Private,76172.30159676497,45835.84518478524,7,1
2024-02-29,Commercial,New York,Corporate,807487.7100254438,23962.371166812154,5,1
2024-03-01,Industrial,New York,Corporate,105399.12840274585,96959.83171728914,1,0
2024-03-02,Industrial,Los Angeles,Private,10293.184342257016,216911.81237483618,3,0
2024-03-03,Commercial,Houston,Non-Profit,127177.82985500431,27445.20522476088,6,1
2024-03-04,Commercial,Los Angeles,Government,87654.5136120644,62280.5527117585,5,0
2024-03-05,Industrial,Los Angeles,Non-Profit,217456.20525412232,80796.19164588743,7,1
2024-03-06,Residential,Los Angeles,Government,117381.11947690127,78590.19860182203,2,0
2024-03-07,Infrastructure,Chicago,Corporate,52132.50950758612,52889.24388235197,4,0
2024-03-08,Commercial,Chicago,Government,17600.83747516978,103020.41159046211,7,1
2024-03-09,Infrastructure,Los Angeles,Corporate,48580.463463077205,79399.62725324208,5,1
2024-03-10,Residential,Houston,Non-Profit,25577.786675188352,14219.045504801941,4,1
2024-03-11,Residential,New York,Corporate,33505.89090269155,116909.57648124601,6,0
2024-03-12,Residential,Houston,Non-Profit,107858.81737868354,119049.0458599474,2,0
2024-03-13,Commercial,Phoenix,Private,318031.11546551523,22850.171364196292,3,0
2024-03-14,Residential,Chicago,Private,88847.04101021332,50916.27191544882,7,0
2024-03-15,Commercial,New York,Private,18108.14177549257,97083.72143610576,3,0
2024-03-16,Residential,New York,Corporate,93395.8946001286,39762.76419737106,2,1
2024-03-17,Infrastructure,Phoenix,Private,198120.65378588054,143340.47850098155,4,1
2024-03-18,Infrastructure,Phoenix,Government,32539.730404209735,521191.3327175289,6,0
2024-03-19,Industrial,Los Angeles,Non-Profit,52364.430539996654,22337.31700965626,5,0
2024-03-20,Infrastructure,Chicago,Non-Profit,60760.07522211069,12319.706291728418,2,1
2024-03-21,Industrial,Chicago,Government,27312.552851918575,66424.32412752656,1,0
2024-03-22,Infrastructure,Houston,Corporate,114494.31314004942,100867.44470045033,4,0
2024-03-23,Commercial,Los Angeles,Corporate,53053.27367592609,38914.9442255732,3,0
2024-03-24,Infrastructure,Los Angeles,Non-Profit,91083.54524226587,209663.8186382869,7,0
2024-03-25,Industrial,Los Angeles,Private,24649.399600534198,12853.792722508566,2,1
2024-03-26,Industrial,Los Angeles,Corporate,38659.263414722736,98019.19668705428,3,0
2024-03-27,Residential,Chicago,Corporate,123300.69894964994,26745.972473254704,4,1
2024-03-28,Commercial,Chicago,Government,41240.119999391965,273587.80905965023,3,1
2024-03-29,Infrastructure,Los Angeles,Government,336705.4701009971,359516.50035910023,2,1
2024-03-30,Residential,Houston,Private,40149.44171855264,22773.28488134896,4,1
2024-03-31,Infrastructure,New York,Corporate,74958.11169439943,28295.070016482783,1,0
2024-04-01,Infrastructure,New York,Corporate,152145.23421141502,115796.29942217602,2,1
2024-04-02,Residential,Houston,Government,14496.090437697992,33285.24052412658,5,0
2024-04-03,Residential,Los Angeles,Corporate,10292.710322955272,46844.495186125474,6,0
2024-04-04,Residential,Chicago,Non-Profit,13021.325108495623,50281.295120785704,2,0
2024-04-05,Residential,New York,Government,211627.7477550915,7189.140077724686,4,0
2024-04-06,Residential,Phoenix,Private,34480.24582017207,48347.13549358351,7,1
2024-04-07,Infrastructure,Phoenix,Government,773127.5231279867,24594.355046550012,6,0
2024-04-08,Residential,Houston,Corporate,34055.68988184392,29937.80007844718,2,1
2024-04-09,Commercial,Los Angeles,Private,72009.35378185606,207654.725006976,1,1
2024-04-10,Industrial,New York,Government,279878.24619570177,13953.604008144586,7,0
2024-04-11,Residential,Los Angeles,Non-Profit,445117.19594953454,110548.01016902478,1,0
2024-04-12,Residential,New York,Non-Profit,470477.5758592495,37087.566945561244,5,1
2024-04-13,Infrastructure,Houston,Government,200459.24346825122,37058.011104868914,7,0
2024-04-14,Residential,Houston,Non-Profit,166718.5809294674,108052.43483874065,3,1
2024-04-15,Residential,Phoenix,Non-Profit,108285.54467056805,68875.18927658952,7,0
2024-04-16,Residential,Los Angeles,Non-Profit,130399.8888590774,86735.01951746075,6,1
2024-04-17,Infrastructure,Phoenix,Private,34503.43915390026,129079.614615063,7,0
2024-04-18,Residential,Los Angeles,Non-Profit,26418.00638242801,35196.13719607835,4,0
2024-04-19,Industrial,Phoenix,Non-Profit,59672.43948315635,26575.984948398967,4,1
2024-04-20,Infrastructure,Chicago,Non-Profit,50504.38168176628,16561.723083166846,3,0
2024-04-21,Industrial,Chicago,Private,38054.398354111276,21473.812962853597,7,0
2024-04-22,Infrastructure,Chicago,Government,120136.92914702198,935741.390711079,1,0
2024-04-23,Residential,Chicago,Corporate,155640.66636973192,170191.50478375555,1,1
2024-04-24,Industrial,New York,Non-Profit,65408.45996169623,12694.519371995815,2,1
2024-04-25,Infrastructure,Chicago,Government,262375.00627924455,13063.038637404923,5,0
2024-04-26,Commercial,Houston,Non-Profit,19116.572077196,79369.2316730354,6,0
2024-04-27,Residential,Houston,Private,49332.606986359344,84733.37132002272,5,0
2024-04-28,Infrastructure,New York,Government,29236.630738330216,84870.66897799015,7,0
2024-04-29,Commercial,Chicago,Private,9260.037552031128,37988.70685246267,5,0
2024-04-30,Infrastructure,Chicago,Non-Profit,55122.833707690836,43241.05801981253,2,0
2024-05-01,Commercial,Chicago,Non-Profit,53010.881968361115,68041.93764686573,5,1
2024-05-02,Residential,Phoenix,Private,271970.7338207854,53417.46365881514,3,0
2024-05-03,Industrial,Los Angeles,Corporate,112511.60879082858,5327.831717949385,2,0
2024-05-04,Commercial,Phoenix,Private,21500.10667369803,38956.47862974615,3,0
2024-05-05,Infrastructure,Los Angeles,Non-Profit,382350.3318271097,20922.77517102828,7,0
2024-05-06,Residential,Chicago,Private,203014.70534539284,58408.1911797776,2,1
2024-05-07,Commercial,Chicago,Corporate,107162.07676057074,970201.4434744887,7,0
2024-05-08,Infrastructure,Phoenix,Private,47739.57040195864,70790.61153664417,7,0
2024-05-09,Infrastructure,Phoenix,Corporate,22938.24223463442,35827.47420046088,5,1
2024-05-10,Infrastructure,Los Angeles,Corporate,41265.959913557395,123229.22304285516,3,0
2024-05-11,Commercial,Houston,Private,177859.39825627155,79434.48614102312,7,1
2024-05-12,Commercial,Los Angeles,Private,394189.2117742103,74614.82481062299,3,0
2024-05-13,Commercial,Phoenix,Government,280195.6892646377,89935.7309095357,3,1
2024-05-14,Industrial,Phoenix,Non-Profit,36722.70759317879,383288.6213184588,2,1
2024-05-15,Commercial,New York,Corporate,19543.197809011133,15821.286587749699,4,0
2024-05-16,Commercial,Phoenix,Government,68932.72079189765,78718.38980558471,5,0
2024-05-17,Commercial,New York,Private,10214.47013294209,19411.45956760802,7,0
2024-05-18,Industrial,Houston,Non-Profit,82715.94884109046,85435.12938797736,3,0
2024-05-19,Commercial,Los Angeles,Government,51657.84825349406,19561.39946879678,6,0
2024-05-20,Infrastructure,Los Angeles,Corporate,37570.088648914425,32293.885451878617,4,1
2024-05-21,Commercial,New York,Government,12152.581954471041,36494.253388415,7,0
2024-05-22,Infrastructure,Los Angeles,Corporate,100067.48692213172,130068.52674277361,6,1
2024-05-23,Infrastructure,Phoenix,Private,35147.162212498224,122817.4571682928,5,0
2024-05-24,Infrastructure,Chicago,Non-Profit,18584.49972749543,14104.971791685823,5,0
2024-05-25,Industrial,New York,Non-Profit,3387.128484558206,51789.05492305034,3,1
2024-05-26,Industrial,Los Angeles,Non-Profit,58249.16840105864,24110.920394530487,3,0
2024-05-27,Industrial,New York,Private,352304.6617843712,13925.752311890315,7,1
2024-05-28,Commercial,New York,Corporate,315293.4951174419,39457.63917878614,2,1
2024-05-29,Infrastructure,Chicago,Private,37907.480391919824,36008.74885073016,4,0
2024-05-30,Industrial,Phoenix,Non-Profit,32787.01853428112,554996.1669706445,7,1
2024-05-31,Industrial,New York,Private,95680.92684617842,75580.97109263492,4,0
2024-06-01,Commercial,Los Angeles,Private,22062.057588125055,12361.999617106156,3,1
2024-06-02,Industrial,Houston,Private,80966.59165086715,27867.76701554964,5,0
2024-06-03,Commercial,New York,Corporate,128808.26738764154,136132.4101924878,3,0
2024-06-04,Residential,New York,Government,204215.93622065842,395712.32446485426,5,0
2024-06-05,Industrial,Chicago,Government,54168.01713629683,10036.830817234382,7,1
2024-06-06,Residential,Phoenix,Private,48841.04135796718,7480.654856979343,5,0
2024-06-07,Commercial,Houston,Government,24884.923402863158,318368.62081269664,3,0
2024-06-08,Infrastructure,Los Angeles,Government,26189.651896838463,72374.85253576985,1,1
2024-06-09,Industrial,Houston,Private,47739.818980081014,20572.433276162094,4,0
2024-06-10,Commercial,Los Angeles,Private,86453.80524141947,83669.44082126829,6,0
2024-06-11,Infrastructure,Phoenix,Non-Profit,149280.83748585137,3513.093477667514,5,0
2024-06-12,Infrastructure,Los Angeles,Government,26817.797966823488,49186.550761111735,5,0
2024-06-13,Residential,Chicago,Corporate,266382.5117633369,68037.96742607732,1,0
2024-06-14,Commercial,Chicago,Private,45655.36478066098,123533.80713059686,7,0
2024-06-15,Infrastructure,Chicago,Non-Profit,58608.36457999092,17784.881967125148,7,0
2024-06-16,Industrial,Chicago,Corporate,28361.51276859067,53406.4690785136,7,0
2024-06-17,Industrial,Houston,Government,5301.5777277762245,19430.035587416845,6,0
2024-06-18,Residential,Phoenix,Non-Profit,144935.68863507968,63283.743327284385,2,0
2024-06-19,Infrastructure,Los Angeles,Private,125096.89763821097,20023.336105781877,1,1
2024-06-20,Commercial,Los Angeles,Corporate,45191.86821474744,32594.510409864703,6,0
2024-06-21,Industrial,Chicago,Private,64022.55468590954,18109.36714501601,1,0
2024-06-22,Infrastructure,Chicago,Government,100301.82986522524,94008.1013228059,5,1
2024-06-23,Infrastructure,New York,Corporate,12549.726394829278,115664.74041581804,4,0
2024-06-24,Residential,Phoenix,Government,35275.61893820557,38769.12378377156,1,0
2024-06-25,Industrial,Houston,Government,132490.2954211865,50931.55721270042,2,0
2024-06-26,Industrial,Los Angeles,Non-Profit,17080.80464901144,11515.03193242517,3,1
2024-06-27,Commercial,New York,Private,80302.65253202098,36327.247263136676,6,0
2024-06-28,Industrial,New York,Corporate,15419.962194204365,46620.48813113529,1,0
2024-06-29,Commercial,Los Angeles,Government,95456.88727900783,673870.4030264234,1,0
2024-06-30,Industrial,Houston,Government,57777.720258938105,16123.497745041772,2,0
2024-07-01,Residential,New York,Corporate,11906.838573648209,211965.1681026155,4,0
2024-07-02,Industrial,New York,Government,191901.85615431576,132834.43385163302,1,0
2024-07-03,Commercial,Phoenix,Non-Profit,28721.706019811096,64902.17430310868,1,1
2024-07-04,Commercial,Houston,Non-Profit,26628.77196396676,284537.5427203186,4,1
2024-07-05,Residential,New York,Non-Profit,73172.07932725361,71118.69157608078,2,0
2024-07-06,Industrial,Houston,Non-Profit,188836.5961459596,72341.93079207404,6,0
2024-07-07,Industrial,Los Angeles,Government,21680.709499755976,46484.739131211696,6,1
2024-07-08,Residential,Chicago,Corporate,63683.44068066372,166636.3017134953,1,0
2024-07-09,Industrial,New York,Corporate,91933.10760577561,146747.5780756752,4,0
2024-07-10,Industrial,Phoenix,Corporate,119743.3052029485,26221.178751474756,1,0
2024-07-11,Commercial,Los Angeles,Corporate,71427.73764259572,13105.048352870232,7,0
2024-07-12,Industrial,Houston,Private,41480.22808144399,40015.38813950739,3,1
2024-07-13,Industrial,Los Angeles,Corporate,26171.06733451976,22025.6163737999,6,0
2024-07-14,Residential,New York,Private,65260.607762622916,46003.62263865638,7,0
2024-07-15,Residential,Houston,Private,20493.457913299524,168963.52372865035,5,0
2024-07-16,Infrastructure,Chicago,Non-Profit,3224.8751538801366,31029.645871239227,3,0
2024-07-17,Commercial,Los Angeles,Private,92647.73681459374,46965.87807805036,1,0
2024-07-18,Industrial,New York,Government,147847.2375676609,51949.259108982296,2,1
2024-07-19,Industrial,Phoenix,Private,5636.77608238226,114511.53991769186,6,0
2024-07-20,Infrastructure,Houston,Non-Profit,21813.1721918886,5182.851497908012,5,0
2024-07-21,Industrial,Los Angeles,Private,111207.6286046305,26723.529346116364,3,0
2024-07-22,Commercial,Los Angeles,Government,468595.62547815766,60553.569121895016,6,1
2024-07-23,Infrastructure,Chicago,Government,61132.181441737426,162767.64246311854,4,1
2024-07-24,Commercial,Chicago,Government,28911.56765141691,29974.357720508655,2,1
2024-07-25,Infrastructure,Phoenix,Non-Profit,49866.442418803184,7505.919793287817,3,0
2024-07-26,Infrastructure,Phoenix,Non-Profit,236777.56122178555,91099.85084373981,4,0
2024-07-27,Residential,New York,Corporate,31383.445543332837,25968.449806530145,7,0
2024-07-28,Commercial,New York,Non-Profit,26924.932454014586,14918.142085594243,1,1
2024-07-29,Industrial,Phoenix,Government,36947.61870250428,26256.12594920259,4,1
2024-07-30,Industrial,Phoenix,Government,23078.83843866263,40760.7400048227,3,0
2024-07-31,Commercial,Houston,Non-Profit,67688.41461669924,26775.841823138268,3,0
2024-08-01,Industrial,Chicago,Private,303968.22699720185,5401.510647144223,7,0
2024-08-02,Industrial,New York,Non-Profit,82708.63367765724,120218.49969910402,1,1
2024-08-03,Commercial,Chicago,Non-Profit,46520.41362237529,175408.88991096042,4,0
2024-08-04,Infrastructure,Chicago,Government,44720.56451554781,94044.37189760554,4,1
2024-08-05,Commercial,Phoenix,Corporate,12541.635035623349,15714.11024728733,1,1
2024-08-06,Infrastructure,Houston,Government,144800.14743737614,40075.019579637046,4,0
2024-08-07,Industrial,Los Angeles,Corporate,55390.468156045536,48702.16114453406,6,1
2024-08-08,Industrial,Houston,Government,49987.09176646633,89214.10104710172,1,1
2024-08-09,Industrial,Houston,Non-Profit,1458774.9525142896,95639.43258350939,2,0
2024-08-10,Residential,Chicago,Government,80720.90837457032,23525.170245581434,3,0
2024-08-11,Infrastructure,Houston,Government,28231.931807089775,53209.67695366021,2,0
2024-08-12,Residential,New York,Government,39090.799203511306,77441.67912376473,6,1
2024-08-13,Residential,Chicago,Non-Profit,188800.4109242547,210201.59431456405,7,1
2024-08-14,Commercial,New York,Non-Profit,67055.13098487699,99161.64147605847,6,1
2024-08-15,Residential,Los Angeles,Non-Profit,14210.295579479143,107910.41675113908,5,0
2024-08-16,Commercial,Chicago,Non-Profit,150125.8069530057,53307.19693327618,5,0
2024-08-17,Commercial,Los Angeles,Corporate,30695.02641611022,200879.2268891027,5,0
2024-08-18,Residential,Chicago,Corporate,389764.41684534255,73847.89589577321,1,1
2024-08-19,Infrastructure,Phoenix,Private,176318.63542388758,20721.18922647298,4,0
2024-08-20,Infrastructure,Houston,Non-Profit,38279.81850631268,199460.19470683005,6,1
2024-08-21,Infrastructure,Phoenix,Corporate,215564.69703624942,98509.0077816703,2,0
2024-08-22,Infrastructure,Los Angeles,Government,64077.944909508005,31475.224101506385,7,0
2024-08-23,Infrastructure,Houston,Non-Profit,140473.43499666487,30348.641446440262,2,0
2024-08-24,Residential,Chicago,Private,97220.10564854807,65944.9475658837,2,0
2024-08-25,Residential,Houston,Private,25684.509475321764,77900.27759003591,2,1
2024-08-26,Industrial,New York,Private,31459.307606690134,59712.23773927461,7,0
2024-08-27,Infrastructure,Houston,Government,167704.84153029224,66923.71539059018,5,0
2024-08-28,Residential,New York,Corporate,42839.877620508036,268325.8487741348,2,1
2024-08-29,Industrial,Houston,Government,39988.67375032912,143134.94738205743,7,0
2024-08-30,Infrastructure,New York,Non-Profit,23037.472785185353,59316.07285018037,7,1
2024-08-31,Commercial,Los Angeles,Private,91454.7017276344,125656.91568934589,4,0
2024-09-01,Industrial,Phoenix,Government,470958.3401237156,17456.652664104524,7,0
2024-09-02,Residential,Chicago,Government,20588.07051346658,72979.00309682482,5,0
2024-09-03,Commercial,Houston,Corporate,61341.96407718075,299331.3251477234,2,1
2024-09-04,Commercial,Phoenix,Corporate,245786.99243646133,39417.064261496635,7,1
2024-09-05,Commercial,Chicago,Private,55290.62308987022,21001.85553015363,1,0
2024-09-06,Industrial,Chicago,Government,94124.32523418078,25537.701039168933,7,0
2024-09-07,Residential,New York,Government,20694.152922773148,16487.651119050854,3,0
2024-09-08,Commercial,Los Angeles,Corporate,91886.28851956787,22364.677409686134,3,0
2024-09-09,Infrastructure,Los Angeles,Government,49655.067811793946,33843.15023404495,3,0
2024-09-10,Commercial,Phoenix,Government,160448.77242450748,12021.271455482036,7,0
2024-09-11,Commercial,Los Angeles,Government,196297.3835936656,49792.4345073793,5,1
2024-09-12,Industrial,Houston,Corporate,797760.4489007028,120846.59058620302,2,1
2024-09-13,Industrial,Los Angeles,Private,106898.2977593801,19776.3848367082,6,0
2024-09-14,Residential,Phoenix,Non-Profit,82933.66219808374,223973.70233202673,6,0
2024-09-15,Infrastructure,Los Angeles,Private,72720.91429438058,81698.59539948944,6,0
2024-09-16,Industrial,Houston,Non-Profit,42059.211716033125,137390.23489671707,5,0
2024-09-17,Commercial,New York,Government,83992.58864041735,25391.39068517823,4,0
2024-09-18,Residential,Phoenix,Private,44560.29923298166,115211.54359789721,1,0
2024-09-19,Commercial,New York,Non-Profit,70859.97150366743,16449.75890088059,1,1
2024-09-20,Commercial,New York,Corporate,223596.31406149548,119401.55470508877,3,1
2024-09-21,Industrial,New York,Corporate,21882.82660123925,58211.565842570446,3,1
2024-09-22,Residential,Chicago,Private,187189.8387047492,85242.14242966851,7,0
2024-09-23,Infrastructure,Chicago,Private,223488.46195479963,15129.554996822606,6,0
2024-09-24,Infrastructure,New York,Government,53206.267205656535,20028.872924853622,7,0
2024-09-25,Industrial,Phoenix,Private,7173.472320766215,89074.48584092938,6,0
2024-09-26,Industrial,Houston,Government,32603.60072379336,18989.699807872934,3,0
2024-09-27,Residential,Houston,Government,219036.69384369758,77901.95221717955,2,1
2024-09-28,Infrastructure,Los Angeles,Corporate,58520.472993735726,12492.230793540692,4,1
2024-09-29,Infrastructure,Phoenix,Corporate,22041.840514663283,114482.15206521949,7,0
2024-09-30,Infrastructure,Chicago,Non-Profit,36142.512345889256,14292.306796625286,4,0
2024-10-01,Commercial,New York,Corporate,138776.50307269744,85161.09164511343,4,0
2024-10-02,Infrastructure,Los Angeles,Corporate,103438.609233273,91640.71452706572,4,1
2024-10-03,Commercial,Houston,Private,47148.99160282773,24421.72005655237,3,0
2024-10-04,Residential,Chicago,Corporate,41488.667149284054,87730.64674463628,1,1
2024-10-05,Commercial,Chicago,Non-Profit,40466.98967356705,63604.67566260102,3,1
2024-10-06,Residential,New York,Private,23803.5454130864,28599.889804392817,4,0
2024-10-07,Infrastructure,Houston,Non-Profit,301153.59304135386,17880.129937941772,3,0
2024-10-08,Infrastructure,Phoenix,Corporate,43376.77899875709,6886.886040257473,4,0
2024-10-09,Residential,Chicago,Non-Profit,202229.51026220442,69539.4883083321,5,1
2024-10-10,Industrial,New York,Private,274118.57628546125,10251.683639991918,6,0
2024-10-11,Residential,Phoenix,Government,162480.1140437273,53924.71571806897,1,1
2024-10-12,Industrial,Houston,Non-Profit,38885.61579368175,37667.456729194484,5,0
2024-10-13,Commercial,Chicago,Non-Profit,89655.5236235006,96678.15735677663,2,1
2024-10-14,Commercial,Phoenix,Private,58442.83603019803,36241.295253546996,3,0
2024-10-15,Commercial,Phoenix,Private,24253.061583675408,35261.68397675009,2,0
2024-10-16,Infrastructure,Phoenix,Non-Profit,82814.5692252623,101912.58390634159,7,0
2024-10-17,Commercial,Chicago,Corporate,18415.725196261417,68532.13436611294,3,1
2024-10-18,Industrial,Chicago,Non-Profit,196354.9733052023,67248.90112506007,6,0
2024-10-19,Commercial,Los Angeles,Private,37623.446144059286,78375.57307016537,5,0
2024-10-20,Residential,Houston,Government,73215.2971717572,10555.769661828246,6,0
2024-10-21,Residential,New York,Government,79482.1598888405,104483.94267699719,7,1
2024-10-22,Infrastructure,Phoenix,Corporate,46216.63264752022,90442.42994034955,4,1
2024-10-23,Residential,Los Angeles,Non-Profit,107655.73775610571,17735.381381367515,6,0
2024-10-24,Industrial,New York,Government,37238.42150383111,38404.10086855667,6,0
2024-10-25,Commercial,Los Angeles,Non-Profit,143099.76129690683,47131.30516345648,4,0
2024-10-26,Infrastructure,Chicago,Private,15584.316262893728,42851.81223219564,3,0
2024-10-27,Commercial,Phoenix,Government,67939.95501230995,68450.07774910943,4,0
2024-10-28,Commercial,New York,Corporate,416203.24891841493,205123.34945577287,5,0
2024-10-29,Industrial,New York,Private,22019.16909357011,144605.8042109744,6,1
2024-10-30,Residential,New York,Corporate,30401.737168889627,13197.475055043757,4,1
2024-10-31,Residential,New York,Private,100098.28673865773,91314.96746263652,7,0
2024-11-01,Commercial,New York,Government,71652.3894729997,185152.17241354912,7,1
2024-11-02,Infrastructure,Los Angeles,Corporate,85019.00504743513,72172.078137853,6,0
2024-11-03,Residential,Phoenix,Corporate,97654.12031567846,145944.3151982113,5,0
2024-11-04,Infrastructure,Chicago,Private,112952.36595066113,366689.39945810504,2,1
2024-11-05,Residential,Chicago,Corporate,181625.08011183358,136449.45692605522,5,0
2024-11-06,Infrastructure,Chicago,Private,90203.06242116302,62900.449922365275,1,0
2024-11-07,Industrial,Chicago,Private,47039.47140550296,139398.0061448607,1,0
2024-11-08,Infrastructure,Los Angeles,Private,117309.81449819152,56663.62973956252,1,0
2024-11-09,Industrial,Houston,Private,400264.93121900666,50206.66387004108,6,0
2024-11-10,Industrial,Phoenix,Government,52436.92268769038,34495.55535003285,7,0
2024-11-11,Infrastructure,New York,Private,22594.701148846885,234078.86297745653,3,0
2024-11-12,Industrial,Houston,Non-Profit,181149.9951023832,21624.26481132496,7,0
2024-11-13,Commercial,Chicago,Corporate,53083.36259712684,226923.38413711326,3,1
2024-11-14,Industrial,Houston,Non-Profit,6818.061371058577,80810.65654455278,3,1
2024-11-15,Residential,Phoenix,Government,139723.6297253939,12096.770863677773,7,0
2024-11-16,Infrastructure,New York,Non-Profit,35054.93964953956,70802.47898571896,6,1
2024-11-17,Commercial,New York,Corporate,54691.67142604646,6002.753096264216,5,1
2024-11-18,Infrastructure,Phoenix,Non-Profit,83448.11417473378,91629.45103456547,3,0
2024-11-19,Residential,Phoenix,Government,72438.96902544406,118804.13396482768,2,1
2024-11-20,Residential,Chicago,Private,121716.73954562502,27109.62322391371,7,0
2024-11-21,Residential,New York,Non-Profit,38735.57197933848,55467.23116791917,7,0
2024-11-22,Industrial,Houston,Government,100018.03494668646,345987.3296118052,1,0
2024-11-23,Industrial,Los Angeles,Government,46186.984768634014,29562.24430037371,5,0
2024-11-24,Infrastructure,Los Angeles,Corporate,125343.15323168451,17002.104558644674,1,1
2024-11-25,Infrastructure,Phoenix,Corporate,110787.30645068403,215704.22130871605,7,0
2024-11-26,Commercial,Chicago,Non-Profit,23495.431992873757,348916.2463331226,7,0
2024-11-27,Commercial,Los Angeles,Private,177368.02960325126,49202.30110668869,3,0
2024-11-28,Infrastructure,New York,Government,35032.67774980608,134788.61769197168,5,0
2024-11-29,Industrial,Phoenix,Non-Profit,134330.4110805306,187489.08615607154,4,1
2024-11-30,Residential,Houston,Government,86447.04538745352,23330.47599392417,2,0
2024-12-01,Infrastructure,Phoenix,Government,376315.69211755524,30172.740540355375,3,1
2024-12-02,Commercial,Houston,Private,47883.871635468844,167858.14272631242,7,0
2024-12-03,Industrial,Phoenix,Private,42221.43054251915,264346.03928549465,3,0
2024-12-04,Infrastructure,Phoenix,Non-Profit,58722.626652723426,86066.95855776774,2,1
2024-12-05,Infrastructure,Phoenix,Private,44215.03714750823,20336.765727221216,7,0
2024-12-06,Industrial,Houston,Private,133244.61146749218,357560.9484283187,2,1
2024-12-07,Infrastructure,Houston,Non-Profit,11892.811150603913,28825.88658562292,4,0
2024-12-08,Industrial,Phoenix,Private,20875.209400984837,35061.61491317895,3,0
2024-12-09,Residential,Los Angeles,Corporate,20582.51233403029,69032.85533259055,6,1
2024-12-10,Industrial,Chicago,Government,154864.77441248627,231922.9354576709,3,0
2024-12-11,Industrial,Chicago,Government,331244.93731285003,115148.28097341722,1,1
2024-12-12,Industrial,Chicago,Government,53935.856745564044,74225.68292732233,5,1
2024-12-13,Infrastructure,Houston,Government,50573.260997095414,77908.35898284106,5,1
2024-12-14,Infrastructure,Houston,Non-Profit,64218.85660324152,51201.016720027204,1,0
2024-12-15,Industrial,Los Angeles,Government,191353.59966305128,85659.85123861696,7,0
2024-12-16,Infrastructure,Chicago,Government,23686.176000139767,3906.6672442392646,5,0
2024-12-17,Commercial,Chicago,Government,75990.90816730863,36438.9137236231,2,0
2024-12-18,Commercial,Phoenix,Government,158767.73543373545,62400.08614695748,5,0
2024-12-19,Infrastructure,Houston,Corporate,98823.84195319549,15506.055691474245,5,0
2024-12-20,Infrastructure,Chicago,Government,72372.49599305194,72137.06853192265,1,0
2024-12-21,Industrial,Los Angeles,Corporate,162925.13707970432,39955.78629038516,7,0
2024-12-22,Residential,Los Angeles,Non-Profit,4010.8870567665563,283644.13859237597,4,0
2024-12-23,Infrastructure,Chicago,Private,117933.39790081256,236338.34563095425,5,1
2024-12-24,Commercial,Houston,Government,31129.908273626534,30766.891235201565,6,0
2024-12-25,Industrial,Los Angeles,Private,9598.547876438372,42157.26412476648,5,1
2024-12-26,Infrastructure,Phoenix,Private,99827.86178354711,45526.61752268873,4,0
2024-12-27,Commercial,Los Angeles,Non-Profit,236489.37151468205,31205.2155172103,1,0
2024-12-28,Commercial,New York,Private,52185.05787936304,59577.00664258881,4,0
2024-12-29,Residential,New York,Corporate,155262.81601392696,22964.800994267804,1,1
2024-12-30,Industrial,Houston,Private,300222.23357740254,15825.607977321355,2,1
2024-12-31,Industrial,Chicago,Private,222997.1909183122,91373.54046490998,1,0
2025-01-01,Residential,Houston,Private,308650.4017234689,91998.68700290774,2,0
2025-01-02,Residential,Houston,Government,125759.60805810888,21931.609697566983,2,1
2025-01-03,Industrial,Houston,Government,64565.38039362019,120013.00978498618,1,1
2025-01-04,Industrial,Houston,Corporate,12064.640589530676,26066.91776727785,6,0
2025-01-05,Infrastructure,Phoenix,Corporate,46813.99669494113,63143.502847128555,3,0
2025-01-06,Infrastructure,Phoenix,Government,25764.514177717396,111340.01679841903,1,1
2025-01-07,Residential,Los Angeles,Corporate,524889.3290265908,47400.47057119771,5,0
2025-01-08,Infrastructure,New York,Government,50217.26583930423,77245.2660627489,6,1
2025-01-09,Commercial,Houston,Non-Profit,67724.60312123022,29248.11353681932,6,0
2025-01-10,Infrastructure,Los Angeles,Private,103931.29928465142,40276.901368294006,5,0
2025-01-11,Infrastructure,New York,Private,62542.55264474646,39900.357754647936,3,0
2025-01-12,Commercial,Chicago,Corporate,326129.8977793282,23235.153628949647,6,1
2025-01-13,Residential,Phoenix,Government,32123.74124084712,41077.912073400155,2,1
2025-01-14,Commercial,New York,Government,72737.14404335368,10418.951653077253,3,0
2025-01-15,Infrastructure,Chicago,Corporate,28496.296609925106,29996.807936241323,7,1
2025-01-16,Residential,New York,Government,15994.136875437689,36868.93135336414,5,1
2025-01-17,Infrastructure,Phoenix,Non-Profit,32475.164569295288,37942.23867839734,3,0
2025-01-18,Commercial,Phoenix,Private,57697.15837125146,38503.427955953615,1,1
2025-01-19,Commercial,Los Angeles,Corporate,38975.86063817692,46084.67757720036,3,1
2025-01-20,Infrastructure,Houston,Corporate,29958.819074824587,79177.03060186659,2,0
2025-01-21,Industrial,New York,Government,14671.799608726436,117538.01288154702,1,0
2025-01-22,Industrial,New York,Corporate,55099.41771896622,25597.11101573702,4,0
2025-01-23,Commercial,Chicago,Non-Profit,13296.812528411716,14717.597190399862,5,0
2025-01-24,Commercial,Phoenix,Government,128034.6185414202,17291.245081813686,5,0
2025-01-25,Industrial,New York,Government,65019.32113470497,30115.554522455503,3,1
2025-01-26,Industrial,Phoenix,Government,13939.03561147494,34478.067705500005,6,0
2025-01-27,Infrastructure,New York,Government,43949.25372816384,22697.360831990787,1,0
2025-01-28,Infrastructure,Los Angeles,Non-Profit,28221.618999693474,13411.70799931411,4,0
2025-01-29,Industrial,Houston,Government,82386.30580663781,31066.308175563823,1,1
2025-01-30,Infrastructure,New York,Corporate,228764.975125182,58772.340297808194,5,1
2025-01-31,Infrastructure,Phoenix,Non-Profit,9180.413538384839,88878.84825794252,1,0
2025-02-01,Residential,Los Angeles,Private,67172.96097840751,28073.37639347661,4,0
2025-02-02,Infrastructure,New York,Private,51014.60301934108,32435.28582527159,6,0
2025-02-03,Commercial,Chicago,Corporate,117165.18743344788,19405.30363919618,3,1
2025-02-04,Infrastructure,Houston,Corporate,74101.91306094977,47503.60251772339,2,1
2025-02-05,Infrastructure,New York,Non-Profit,28226.899020524284,20985.171868724592,1,1
2025-02-06,Industrial,Los Angeles,Private,43518.702374956694,86953.41663336543,2,0
2025-02-07,Commercial,Chicago,Private,27010.31592187762,8218.422075998513,5,1
2025-02-08,Infrastructure,Los Angeles,Private,175607.58229344664,34213.32022710186,3,1
2025-02-09,Infrastructure,Los Angeles,Private,61163.85250587692,66244.47467191411,7,0
2025-02-10,Residential,Chicago,Private,400789.1212333283,58914.02850997374,3,1
2025-02-11,Infrastructure,Los Angeles,Government,56350.09391960693,724352.668518066,1,0
2025-02-12,Infrastructure,Chicago,Corporate,29483.711376060786,69549.9184329428,6,0
2025-02-13,Residential,New York,Government,13177.756946068339,17960.773397631958,3,0
2025-02-14,Industrial,Chicago,Private,9866.104007430582,44557.49928765578,1,0
2025-02-15,Infrastructure,Chicago,Non-Profit,12281.680698006245,8297.866118166881,1,0
2025-02-16,Residential,Houston,Non-Profit,78207.95525880139,45224.77118196628,2,0
2025-02-17,Commercial,Chicago,Private,99580.83677761754,21310.260365179754,3,1
2025-02-18,Industrial,Chicago,Private,12317.906527932424,122441.69978519823,1,1
2025-02-19,Commercial,New York,Non-Profit,146537.74423367332,28295.547112538217,2,1
2025-02-20,Commercial,Houston,Government,36935.888605983906,43618.38802865705,4,0
2025-02-21,Residential,Phoenix,Government,69341.09507769183,25963.374702036024,7,0
2025-02-22,Infrastructure,New York,Private,300204.93234871206,278967.7190705345,2,1
2025-02-23,Residential,New York,Government,146801.89677145105,35552.19700991787,2,0
2025-02-24,Residential,Phoenix,Non-Profit,45773.90061449518,306372.52531151724,1,1
2025-02-25,Residential,Chicago,Government,24558.36416994849,110652.70173409671,5,0
2025-02-26,Residential,Los Angeles,Private,6961.73914083099,79385.15994694651,5,0
2025-02-27,Industrial,Houston,Non-Profit,29168.559559587156,70879.26016115426,6,1
2025-02-28,Infrastructure,Los Angeles,Government,48478.21308093597,72678.2393996473,5,0
2025-03-01,Commercial,Phoenix,Corporate,22310.67344693421,7131.860511364218,2,1
2025-03-02,Commercial,New York,Non-Profit,52509.166477357285,37090.51686631173,6,0
2025-03-03,Infrastructure,New York,Non-Profit,64657.01482529721,114137.36648884758,1,0
2025-03-04,Commercial,Houston,Corporate,47817.3593176424,46681.48118575279,3,1
2025-03-05,Infrastructure,New York,Corporate,31256.962150804316,12025.806402162774,7,0
2025-03-06,Commercial,New York,Non-Profit,70873.69810459414,46518.04353972948,7,1
2025-03-07,Residential,Houston,Corporate,93147.60361104608,269441.2141584891,2,0
2025-03-08,Commercial,Houston,Private,20122.641896105273,170568.408060528,2,0
2025-03-09,Infrastructure,Phoenix,Private,245470.57945451606,46073.62735846758,6,1
2025-03-10,Infrastructure,New York,Private,54252.90767790174,126937.39321201305,1,0
2025-03-11,Infrastructure,New York,Non-Profit,61013.450749908094,33978.83057824003,4,0
2025-03-12,Infrastructure,Phoenix,Corporate,121566.22114119749,8920.68853995814,2,0
2025-03-13,Infrastructure,Chicago,Corporate,75600.34542443749,19448.670887338372,4,1
2025-03-14,Industrial,Chicago,Government,155303.51366753297,233956.09967394278,4,0
2025-03-15,Industrial,Chicago,Government,79787.66241859326,37272.34531453129,5,0
2025-03-16,Commercial,Phoenix,Corporate,32453.46919515751,38430.85842303724,1,1
2025-03-17,Infrastructure,New York,Corporate,85948.49712539876,36321.37913326261,7,0
2025-03-18,Commercial,Phoenix,Corporate,19077.66947602069,329106.4684061096,7,0
2025-03-19,Infrastructure,Phoenix,Non-Profit,66739.99689466516,249187.00442594968,4,0
2025-03-20,Infrastructure,Chicago,Corporate,57917.2188813529,450800.5284733196,7,1
2025-03-21,Industrial,Los Angeles,Government,48624.5167577527,41812.67447261057,1,0
2025-03-22,Industrial,New York,Non-Profit,52652.15716728498,65882.26001629366,5,0
2025-03-23,Residential,Chicago,Corporate,9119.323972534721,10757.489090463925,1,0
2025-03-24,Industrial,Los Angeles,Government,34588.450068165665,214686.56927147871,2,1
2025-03-25,Residential,Los Angeles,Non-Profit,65699.38877395797,15248.256516792735,4,0
2025-03-26,Residential,Houston,Corporate,70252.86659578403,60887.03638289746,1,0
2025-03-27,Residential,New York,Corporate,21425.238153226335,16361.68291231499,7,1
2025-03-28,Residential,Los Angeles,Corporate,212289.8508533042,27204.377402778784,3,1
2025-03-29,Residential,Chicago,Non-Profit,25180.499681590594,21220.809702368693,1,0
2025-03-30,Commercial,Houston,Government,157858.9513812321,26692.148549419242,4,1
2025-03-31,Industrial,New York,Government,91784.10026422687,28591.8587401952,5,0
2025-04-01,Residential,Phoenix,Private,31375.18868109858,28331.54720730059,7,0
2025-04-02,Infrastructure,Chicago,Corporate,353384.11634930293,112795.74681340561,5,1
2025-04-03,Industrial,Los Angeles,Private,18148.86254883522,16238.450667831803,4,1
2025-04-04,Industrial,Los Angeles,Private,150114.58382230747,61116.76091979345,7,0
2025-04-05,Residential,Chicago,Government,162849.5940705967,165704.13408279317,2,0
2025-04-06,Commercial,Los Angeles,Non-Profit,30619.115759579377,29342.83390524025,7,0
2025-04-07,Residential,Houston,Non-Profit,240979.05501976283,23910.69456689682,2,0
2025-04-08,Commercial,New York,Government,46627.859526895416,38928.24562853096,5,1
2025-04-09,Infrastructure,Houston,Non-Profit,79912.98460724142,159488.19857762678,5,0
2025-04-10,Industrial,Los Angeles,Private,77677.57143537494,59522.37855281372,4,0
2025-04-11,Infrastructure,Phoenix,Corporate,52349.1646174462,28818.871310978993,2,0
2025-04-12,Commercial,New York,Government,134700.3920801214,79528.97114588242,5,1
2025-04-13,Commercial,New York,Corporate,132387.52825153375,16280.247630566022,2,1
2025-04-14,Infrastructure,Chicago,Non-Profit,10419.851114419162,96892.70492207781,5,0
2025-04-15,Commercial,Chicago,Corporate,220651.59490378256,73762.61479934894,7,0
2025-04-16,Infrastructure,Phoenix,Non-Profit,11356.07375032183,36033.0383621401,1,1
2025-04-17,Industrial,New York,Non-Profit,168138.98437901662,21192.74534848063,3,0
2025-04-18,Infrastructure,Phoenix,Private,184740.07882506147,20197.600267964117,7,0
2025-04-19,Industrial,Chicago,Non-Profit,20111.228497456308,83685.19309483879,6,0
2025-04-20,Infrastructure,Chicago,Private,39703.14616585219,167540.518500455,1,1
2025-04-21,Commercial,New York,Private,19816.99796572265,25917.98097556898,6,1
2025-04-22,Infrastructure,Houston,Private,48294.79016340741,77527.4001788134,5,1
2025-04-23,Commercial,Los Angeles,Government,44000.915337730694,6081.295217081227,3,0
2025-04-24,Infrastructure,Chicago,Government,130569.44793387462,27320.217349443163,3,0
2025-04-25,Infrastructure,Chicago,Non-Profit,221972.49263319172,47521.66860345376,5,0
2025-04-26,Residential,Houston,Private,241755.89816138972,19738.307762944667,5,0
2025-04-27,Commercial,Houston,Government,34126.584833687964,19215.905474627023,2,0
2025-04-28,Residential,Phoenix,Private,48570.81554162145,25140.124729575477,5,0
2025-04-29,Commercial,Phoenix,Corporate,11120.681009368454,65656.55538755778,4,0
2025-04-30,Residential,Los Angeles,Corporate,26745.72518816266,40646.62076847366,5,1
2025-05-01,Industrial,Los Angeles,Corporate,157133.59296203186,5227.91997002738,4,1
2025-05-02,Infrastructure,New York,Non-Profit,301215.9786742951,5879.928302494021,5,0
2025-05-03,Commercial,Phoenix,Private,17424.823877551917,26719.12345121064,2,0
2025-05-04,Commercial,Chicago,Corporate,33108.18265210278,77473.1408855356,4,1
2025-05-05,Infrastructure,Phoenix,Government,58313.81119762464,3141.624045932875,1,0
2025-05-06,Commercial,Chicago,Corporate,79234.03012537805,29740.64250497011,4,0
2025-05-07,Commercial,Houston,Corporate,26646.057437065607,28962.35445632934,7,0
2025-05-08,Residential,Phoenix,Corporate,91496.96162829119,196484.29397340587,2,1
2025-05-09,Commercial,Houston,Non-Profit,37278.075810009665,33355.50777181707,6,1
2025-05-10,Industrial,Los Angeles,Government,59015.04728629241,71896.94007529983,4,0
2025-05-11,Industrial,Los Angeles,Private,103392.142616901,56458.27451165494,7,1
2025-05-12,Infrastructure,New York,Government,60259.90702652343,5822.200256299441,7,0
2025-05-13,Commercial,Phoenix,Private,38700.74422578595,105683.83386892792,7,0
2025-05-14,Infrastructure,Houston,Non-Profit,53658.23311768376,60803.12748055768,5,0
2025-05-15,Industrial,Chicago,Non-Profit,54810.49892424506,81492.69307389214,7,1
2025-05-16,Commercial,Los Angeles,Non-Profit,41356.66903843293,2486129.661664713,5,0
2025-05-17,Commercial,Los Angeles,Non-Profit,46221.66642301922,6099.042438239673,6,0
2025-05-18,Infrastructure,Chicago,Private,296157.6433746362,275046.8290926648,2,0
2025-05-19,Industrial,Houston,Corporate,104916.43424532139,36774.225347565,3,0
2025-05-20,Commercial,Houston,Private,44556.78321250827,65337.988816614044,5,1
2025-05-21,Infrastructure,Phoenix,Government,120205.06093852517,46839.76284907631,7,0
2025-05-22,Industrial,Phoenix,Non-Profit,42880.845366063215,32072.80220386421,7,0
2025-05-23,Infrastructure,New York,Non-Profit,193517.7730432383,27727.14210356855,1,0
2025-05-24,Residential,Los Angeles,Government,86650.85758400254,68152.88270022023,7,0
2025-05-25,Commercial,Phoenix,Private,53782.201054619414,10751.776796875865,2,1
2025-05-26,Residential,Houston,Corporate,93687.20684902248,103837.15851790483,4,1
2025-05-27,Industrial,Chicago,Corporate,12445.617699629509,32331.769288110205,4,0
2025-05-28,Residential,Houston,Government,19403.961613591586,15834.251053674589,7,0
2025-05-29,Residential,Los Angeles,Corporate,18143.633260367416,31256.64091926771,1,0
2025-05-30,Industrial,Houston,Private,69074.65082482963,172327.01778397348,5,0
2025-05-31,Infrastructure,New York,Private,338579.76952659065,28700.359074721287,2,0
2025-06-01,Residential,Los Angeles,Government,557545.9197520319,70154.38680459066,1,0
2025-06-02,Infrastructure,Chicago,Private,113329.0826782533,23600.984925743454,5,1
2025-06-03,Residential,New York,Non-Profit,98799.16921489262,104602.40784760845,2,0
2025-06-04,Infrastructure,Los Angeles,Government,9886.666061834507,97295.47279627211,7,0
2025-06-05,Industrial,Chicago,Private,34798.38303828551,311330.03469741123,4,0
2025-06-06,Residential,New York,Government,27233.857741046315,41127.65538028504,2,0
2025-06-07,Industrial,New York,Corporate,32181.67279857344,95669.49831603377,7,0
2025-06-08,Residential,Los Angeles,Private,50607.55646684142,54071.77120880749,6,1
2025-06-09,Industrial,Phoenix,Non-Profit,37343.32360234209,179130.84256749865,3,0
2025-06-10,Industrial,New York,Private,8272.567419730547,23888.86219588196,2,0
2025-06-11,Residential,New York,Government,126488.95310680474,103259.99529585049,3,0
2025-06-12,Residential,Chicago,Government,20481.083320437163,40348.225856978475,2,0
2025-06-13,Residential,Houston,Private,76057.64846110599,45973.10464700736,3,0
2025-06-14,Commercial,Los Angeles,Non-Profit,476433.13633813703,53731.38091772666,6,1
2025-06-15,Infrastructure,Los Angeles,Non-Profit,23875.6743126907,63085.13210421849,4,0
2025-06-16,Commercial,Phoenix,Non-Profit,4768.144322432658,43641.81183648107,5,0
2025-06-17,Commercial,Phoenix,Government,44981.01442768303,60761.593540655624,3,1
2025-06-18,Industrial,Los Angeles,Private,180044.55643646594,237546.35386047026,6,1
2025-06-19,Residential,Phoenix,Corporate,424364.25365632307,131327.52669012966,3,0
2025-06-20,Infrastructure,Chicago,Government,17508.65143642085,116909.40440305824,4,1
2025-06-21,Industrial,Los Angeles,Non-Profit,98390.46945687458,31084.372315408964,3,1
2025-06-22,Commercial,Phoenix,Private,37597.376132013655,20145.96243316531,6,1
2025-06-23,Residential,Los Angeles,Non-Profit,53855.060151275145,127427.2074061548,7,0
2025-06-24,Industrial,Houston,Corporate,842680.6562597445,117717.95053411083,6,0
2025-06-25,Residential,New York,Non-Profit,13320.102930837103,213773.14801679936,1,1
2025-06-26,Industrial,Los Angeles,Non-Profit,77167.96289654035,26796.307416263797,4,1
2025-06-27,Residential,New York,Corporate,95577.54359051469,38966.25696734879,7,0
2025-06-28,Commercial,Phoenix,Private,177333.30589697388,9513.963470899105,1,0
2025-06-29,Infrastructure,New York,Government,66037.83758445221,33107.95596419892,4,0
2025-06-30,Commercial,Los Angeles,Private,81474.92144170757,132796.14813276386,7,1
2025-07-01,Infrastructure,Houston,Corporate,40471.424354909526,30745.675240918175,3,0
2025-07-02,Residential,Phoenix,Non-Profit,78364.550433583,93011.62787194605,7,1
2025-07-03,Industrial,Los Angeles,Private,42480.81004128912,40517.80937133338,6,1
2025-07-04,Commercial,Phoenix,Government,111476.81263840973,67782.34408037445,1,0
2025-07-05,Infrastructure,Chicago,Corporate,41373.24372136213,15557.663257231574,3,0
2025-07-06,Commercial,New York,Private,87299.53312735159,53380.96227260538,6,0
2025-07-07,Infrastructure,Chicago,Government,58147.443105827304,2462.3317087815035,4,1
2025-07-08,Commercial,Los Angeles,Corporate,184619.13473018585,40664.21888316044,7,1
2025-07-09,Infrastructure,Houston,Government,56874.72245967835,9600.080437094733,6,0
2025-07-10,Infrastructure,Phoenix,Corporate,10167.661603648614,163733.35779507176,3,0
2025-07-11,Residential,New York,Non-Profit,211487.56908175608,106660.62594777063,1,1
2025-07-12,Infrastructure,Phoenix,Private,24203.867154173244,78172.32643257882,1,0
2025-07-13,Residential,Los Angeles,Government,31139.539628496834,224359.78540808786,7,0
2025-07-14,Infrastructure,Phoenix,Corporate,33002.5036567298,18978.90691655068,6,0
2025-07-15,Industrial,New York,Government,236673.7982085175,281352.3839038799,3,1
2025-07-16,Industrial,Los Angeles,Government,7075.021674365499,124516.2569483058,2,0
2025-07-17,Industrial,Phoenix,Private,1380213.194073034,38694.189002953804,4,0
2025-07-18,Infrastructure,Houston,Non-Profit,172138.86919239975,152606.82890367226,4,0
2025-07-19,Residential,Los Angeles,Government,74849.81469269111,16215.234614050562,3,1
2025-07-20,Residential,Los Angeles,Corporate,56675.99318185471,21493.07004075137,2,1
2025-07-21,Infrastructure,Houston,Corporate,79662.48687441785,26673.084819502747,1,1
2025-07-22,Industrial,Chicago,Non-Profit,100823.06504947042,28883.399345121663,7,0
2025-07-23,Industrial,New York,Corporate,114143.94267592038,17042.10553890795,5,1
2025-07-24,Residential,Chicago,Non-Profit,104360.28456430843,166555.36690598124,5,0
2025-07-25,Industrial,Phoenix,Corporate,65485.28115991057,37840.89214392796,7,1
2025-07-26,Commercial,Houston,Private,49151.44769118839,69738.30172107175,3,0
2025-07-27,Residential,Chicago,Government,51468.575520535225,27712.771020201584,2,0
2025-07-28,Industrial,Los Angeles,Private,49271.03783959624,7937.841766346164,2,0
2025-07-29,Residential,Phoenix,Government,186049.88150335927,64219.19023893658,4,0
2025-07-30,Commercial,Phoenix,Government,108397.11164386195,7242.668715544278,1,0
2025-07-31,Residential,Chicago,Government,3164.060231895324,45769.16792117695,6,1
2025-08-01,Residential,Chicago,Private,115370.13182280932,12477.533187990943,2,0
2025-08-02,Residential,Houston,Government,72746.50878835922,357637.7920739148,7,1
2025-08-03,Residential,New York,Private,58764.38443909373,121949.55104563998,6,0
2025-08-04,Commercial,Chicago,Non-Profit,40598.30300911065,54488.98179271772,5,0
2025-08-05,Infrastructure,Chicago,Corporate,184261.77578170964,173460.75861443696,6,0
2025-08-06,Residential,Los Angeles,Corporate,154434.67372569657,21029.55319794947,1,1
2025-08-07,Residential,Phoenix,Government,27642.848567483885,84413.22635470732,7,0
2025-08-08,Industrial,New York,Private,89953.87222808455,59862.79267253959,1,0
2025-08-09,Residential,Los Angeles,Corporate,22659.69932366126,63832.64919679872,6,0
2025-08-10,Industrial,Houston,Private,15068.802639478887,174967.14634447487,3,0
2025-08-11,Infrastructure,Houston,Private,31993.331690984647,101975.93191238587,2,0
2025-08-12,Commercial,Chicago,Government,141831.28159501738,65429.18310901332,7,0
2025-08-13,Commercial,Chicago,Corporate,155301.7139374223,9368.540160345472,3,1
2025-08-14,Infrastructure,Houston,Government,100015.99679205673,18768.847090786487,6,1
2025-08-15,Commercial,Chicago,Government,123635.84460385509,43359.931937460264,2,0
2025-08-16,Infrastructure,New York,Corporate,100325.81183116212,53818.49036994419,4,0
2025-08-17,Infrastructure,Chicago,Corporate,31524.440245301837,15832.123300787594,3,0
2025-08-18,Infrastructure,Phoenix,Non-Profit,92219.09983697259,546711.5850758853,3,0
2025-08-19,Commercial,Chicago,Non-Profit,133306.93432117242,223327.38214980488,6,1
2025-08-20,Industrial,Los Angeles,Private,127298.66911958311,89511.13593632425,5,0
2025-08-21,Infrastructure,New York,Corporate,196597.42156454618,52682.407816894265,6,0
2025-08-22,Residential,Los Angeles,Non-Profit,121577.092558286,39647.81150077146,3,0
2025-08-23,Commercial,Los Angeles,Private,85088.58825782251,18922.01882197584,2,0
2025-08-24,Infrastructure,Phoenix,Private,174582.07228162786,52969.97478524203,5,1
2025-08-25,Infrastructure,New York,Private,58307.07620784573,63433.8265628228,6,0
2025-08-26,Residential,New York,Non-Profit,24788.25791280449,14160.89291910485,7,0
2025-08-27,Industrial,New York,Corporate,50865.13697090031,68471.7422502025,6,0
2025-08-28,Industrial,New York,Government,28427.076140455243,41971.28408539748,3,1
2025-08-29,Industrial,New York,Private,30479.86940033888,7274.951622014076,3,0
2025-08-30,Infrastructure,Phoenix,Non-Profit,51817.40259632324,20735.759257857855,4,1
2025-08-31,Infrastructure,Chicago,Non-Profit,27107.88920289173,32415.58052443683,6,0
2025-09-01,Infrastructure,Los Angeles,Government,44004.11672083665,323737.29802939977,3,0
2025-09-02,Commercial,New York,Government,9012.658183858422,85524.06903875415,7,0
2025-09-03,Residential,Chicago,Non-Profit,74109.10715978287,12894.013732498262,1,1
2025-09-04,Infrastructure,Chicago,Corporate,59946.36203903466,79700.91054895603,5,0
2025-09-05,Residential,Los Angeles,Government,26447.353324446296,10432.654387494373,1,0
2025-09-06,Residential,Phoenix,Non-Profit,115756.67856067713,144739.52893965362,5,1
2025-09-07,Industrial,Houston,Government,152904.70109123676,30603.674063944556,7,0
2025-09-08,Commercial,Houston,Corporate,11997.338777462013,44639.02749273314,6,0
2025-09-09,Infrastructure,Chicago,Private,27924.932910167114,184572.32065765362,4,1
2025-09-10,Industrial,Los Angeles,Government,27746.296483465616,13532.323439168365,3,1
2025-09-11,Industrial,Houston,Corporate,23390.77280229534,12123.26745015551,3,0
2025-09-12,Infrastructure,Chicago,Non-Profit,137238.4004715442,27348.0545489307,3,1
2025-09-13,Residential,Phoenix,Government,49324.38493767683,138465.8288438567,6,1
2025-09-14,Industrial,Houston,Government,45958.089332075644,10728.44521653539,5,0
2025-09-15,Residential,Chicago,Non-Profit,8071.847227220446,2886.62824250546,7,0
2025-09-16,Commercial,Chicago,Private,113031.07164527371,31220.8413129593,3,0
2025-09-17,Residential,New York,Non-Profit,17339.485960059435,85113.48817204926,1,0
2025-09-18,Commercial,Phoenix,Government,63572.26887513969,162797.39801904102,3,0
2025-09-19,Residential,New York,Non-Profit,79013.73190752648,30848.352918696328,6,1
2025-09-20,Industrial,Los Angeles,Corporate,233434.91855253736,32486.288691521633,7,0
2025-09-21,Industrial,New York,Non-Profit,16174.312278073703,155422.22648399445,4,1
2025-09-22,Commercial,New York,Government,2923.356858897613,7557.217155660128,7,1
2025-09-23,Infrastructure,Houston,Non-Profit,71958.83833673324,33239.00201215641,1,0
2025-09-24,Commercial,Chicago,Private,362402.655807356,59303.516887180354,3,0
2025-09-25,Commercial,Phoenix,Non-Profit,206684.00354163462,76819.87857726231,3,1
2025-09-26,Residential,New York,Private,73840.26184433259,29442.465231178412,2,1
2025-09-27,Residential,Phoenix,Corporate,36620.512542213466,50738.53762083138,5,0
2025-09-28,Commercial,New York,Private,134204.84378379388,4071.116831576509,1,0
2025-09-29,Industrial,Los Angeles,Non-Profit,22616.92503417157,25380.8844169848,2,0
2025-09-30,Residential,New York,Government,96409.28268313283,77150.14309511064,7,0
2025-10-01,Infrastructure,Houston,Private,99257.24160542894,18355.893356182645,4,1
2025-10-02,Residential,Chicago,Corporate,172855.2654626718,51999.23165503027,5,1
2025-10-03,Residential,Los Angeles,Private,945680.4865400199,76639.85347656586,1,1
2025-10-04,Infrastructure,New York,Private,88646.8667810851,34802.71914783926,3,1
2025-10-05,Commercial,Phoenix,Private,35991.43866492098,58131.54687738869,7,1
2025-10-06,Infrastructure,Los Angeles,Corporate,58362.31607255271,18718.49655765636,1,0
2025-10-07,Commercial,Los Angeles,Non-Profit,10207.970289927824,39870.36999246818,3,0
2025-10-08,Commercial,New York,Private,29890.227572355456,90238.92640823244,5,0
2025-10-09,Commercial,Los Angeles,Private,39764.012030793274,57352.57154051757,3,1
2025-10-10,Infrastructure,Phoenix,Government,35451.17235461183,27267.989036995248,4,0
2025-10-11,Commercial,Los Angeles,Corporate,69727.83504392473,61341.77683836167,7,0
2025-10-12,Industrial,Phoenix,Private,26306.729701444634,100168.57449395937,6,1
2025-10-13,Infrastructure,New York,Corporate,183694.7455426239,6311.058691552315,3,0
2025-10-14,Industrial,Chicago,Private,59886.54083312104,156228.36046067157,4,0
2025-10-15,Commercial,Los Angeles,Non-Profit,59319.87439652956,35022.47444229301,6,0
2025-10-16,Residential,Chicago,Non-Profit,43135.658761732455,75018.4928336584,7,0
2025-10-17,Commercial,Phoenix,Private,69925.85069795785,162307.33127971142,5,1
2025-10-18,Industrial,Los Angeles,Non-Profit,136639.07845447285,12435.69571458701,5,0
2025-10-19,Industrial,Houston,Private,25156.45453845466,24114.26848424345,7,0
2025-10-20,Infrastructure,Chicago,Non-Profit,31004.372159471288,36733.75272355355,7,0
2025-10-21,Residential,Los Angeles,Government,44190.891458216654,22387.241034239425,1,1
2025-10-22,Infrastructure,Chicago,Government,15586.011255017502,277877.75780366035,4,0
2025-10-23,Industrial,Los Angeles,Government,26390.0451475527,20810.81133082232,4,0
2025-10-24,Commercial,New York,Corporate,37189.40271614858,28126.09917478367,7,0
2025-10-25,Residential,Chicago,Corporate,143542.89375662108,60137.508755736104,2,1
2025-10-26,Commercial,Houston,Government,77851.72453204248,14733.078368225984,2,0
2025-10-27,Commercial,Houston,Corporate,72663.16845142085,33001.86282981479,6,0
2025-10-28,Residential,Phoenix,Non-Profit,140210.1941142607,67336.20001237481,6,0
2025-10-29,Infrastructure,Los Angeles,Private,52189.06199563589,35141.554412795325,2,0
2025-10-30,Commercial,Chicago,Private,88474.0749735153,44650.15872189701,7,0
2025-10-31,Industrial,Phoenix,Private,54002.1018030414,28873.16475545752,7,0
2025-11-01,Commercial,Chicago,Government,78070.09448702994,10780.88233982798,6,0
2025-11-02,Residential,Los Angeles,Corporate,33431.08191173684,67615.5463606021,3,1
2025-11-03,Residential,Houston,Non-Profit,5224.857698490981,283490.2674695466,7,0
2025-11-04,Residential,New York,Non-Profit,52350.71309116758,49931.21467630384,2,1
2025-11-05,Infrastructure,Houston,Government,248388.20303346493,61406.07909201578,4,0
2025-11-06,Commercial,Phoenix,Non-Profit,151178.328471761,97999.99975148683,7,1
2025-11-07,Infrastructure,New York,Non-Profit,157219.38798200214,13775.810950298228,7,0
2025-11-08,Infrastructure,Phoenix,Non-Profit,206102.87613066027,269012.9121876614,3,1
2025-11-09,Residential,Los Angeles,Non-Profit,65424.86022376454,60013.73888584874,6,1
2025-11-10,Residential,New York,Corporate,72934.40156241313,250661.04799249923,7,0
2025-11-11,Infrastructure,Phoenix,Non-Profit,32284.680364103897,23552.02315038873,5,1
2025-11-12,Commercial,Los Angeles,Private,43648.6286566241,301963.6493005268,1,1
2025-11-13,Industrial,Houston,Government,110832.03652012041,106420.71151419885,2,1
2025-11-14,Infrastructure,Los Angeles,Corporate,199562.8368042462,85224.14680369291,5,0
2025-11-15,Commercial,Chicago,Non-Profit,52080.908670422476,61946.38019973697,6,0
2025-11-16,Residential,Los Angeles,Corporate,38170.21334834971,38233.65325117848,4,0
2025-11-17,Residential,Los Angeles,Non-Profit,59905.761144742006,162841.3443892966,1,0
2025-11-18,Commercial,Chicago,Private,109229.53239736834,56407.638902476596,5,0
2025-11-19,Industrial,Phoenix,Government,14131.26763355253,6856.348541402334,1,1
2025-11-20,Residential,Phoenix,Non-Profit,6025.881452707661,16039.561422230867,2,1
2025-11-21,Residential,Los Angeles,Non-Profit,34525.83455635913,40706.95526275439,6,0
2025-11-22,Residential,Chicago,Non-Profit,17664.06403227539,66836.12342291503,7,1
2025-11-23,Commercial,Chicago,Non-Profit,36021.08723049936,46323.81687213229,4,1
2025-11-24,Infrastructure,Houston,Government,51648.66778986571,165871.85141703303,6,0
2025-11-25,Residential,Phoenix,Government,38053.62358602637,6966.708373971705,1,0
2025-11-26,Infrastructure,New York,Private,255880.93931332315,56590.02073280236,5,1
2025-11-27,Industrial,Phoenix,Government,83012.35777923443,7958.698612758412,2,1
2025-11-28,Residential,Phoenix,Non-Profit,80859.98515540444,104789.86052619379,2,0
2025-11-29,Residential,Houston,Private,111547.65124831039,44602.32584136595,6,0
2025-11-30,Industrial,New York,Private,19171.246975816844,74578.68130982402,7,0
2025-12-01,Residential,Houston,Private,169246.54676752145,20663.353322687562,5,0
2025-12-02,Infrastructure,New York,Non-Profit,55505.406725356166,176215.84799504405,7,0
2025-12-03,Commercial,Los Angeles,Corporate,117064.53199492197,138929.88551004932,7,0
2025-12-04,Infrastructure,New York,Non-Profit,20499.233351919273,87863.89979500535,5,0
2025-12-05,Commercial,Houston,Government,12660.487904099255,43065.72659507513,1,1
2025-12-06,Commercial,Phoenix,Government,135657.6427278765,87540.5405217973,6,0
2025-12-07,Infrastructure,New York,Non-Profit,87239.24151971462,24175.80048838639,6,1
2025-12-08,Infrastructure,New York,Non-Profit,24293.119610679514,115330.3224401488,3,1
2025-12-09,Infrastructure,Chicago,Private,25092.817247420186,255117.85512332854,6,0
2025-12-10,Infrastructure,Phoenix,Non-Profit,184505.54282341158,143001.52306352236,2,1
2025-12-11,Industrial,Los Angeles,Private,18225.70259195465,23632.95771616505,1,0
2025-12-12,Residential,Houston,Government,309487.49092796666,70362.61170061525,5,1
2025-12-13,Commercial,Los Angeles,Private,24327.90356387579,13451.668861319584,6,0
2025-12-14,Infrastructure,Phoenix,Non-Profit,113367.714551489,86889.31195056751,1,0
2025-12-15,Infrastructure,New York,Government,43104.45022539537,76926.32409621196,6,0
2025-12-16,Infrastructure,New York,Corporate,109446.0957836103,7556.653107255898,5,1
2025-12-17,Industrial,Phoenix,Private,34748.30239599418,15339.955225157764,4,1
2025-12-18,Infrastructure,New York,Government,50879.07887242727,36933.013441417286,5,0
2025-12-19,Infrastructure,New York,Private,62374.95897858962,36284.29394238616,5,1
2025-12-20,Infrastructure,New York,Government,21978.336534364364,14625.517624196584,5,0
2025-12-21,Residential,Houston,Government,125595.83170709689,72328.87668829852,6,0
2025-12-22,Industrial,Houston,Private,35838.801761224226,63036.77775548184,3,1
2025-12-23,Infrastructure,Chicago,Corporate,47638.66901372029,40365.50521926655,5,1
2025-12-24,Commercial,Los Angeles,Government,22151.281412752705,23022.067693220084,2,1
2025-12-25,Commercial,Phoenix,Government,4617.766110181527,139903.3528504191,2,0
2025-12-26,Commercial,Phoenix,Government,49462.606428879975,256634.2280845112,1,1
2025-12-27,Industrial,Phoenix,Corporate,668382.1846433638,30225.418337159965,3,0
2025-12-28,Industrial,Chicago,Corporate,131216.54961535326,26577.84047809291,1,1
2025-12-29,Commercial,Houston,Non-Profit,58731.977575115176,80114.14148985784,2,0
2025-12-30,Infrastructure,Chicago,Private,46032.786463456934,34268.1153863443,7,1
2025-12-31,Industrial,Phoenix,Corporate,61234.491283573145,42642.334198680815,2,1
2026-01-01,Commercial,Los Angeles,Private,103478.49736492033,102708.80749912554,4,0
2026-01-02,Commercial,New York,Non-Profit,18383.102599638205,7263.694861834042,5,0
2026-01-03,Infrastructure,Houston,Private,182466.46736724244,183194.24644345796,7,0
2026-01-04,Residential,Houston,Corporate,122440.60269792256,52716.32845151737,2,1
2026-01-05,Industrial,Chicago,Private,122784.45831193498,32484.12720874685,6,0
2026-01-06,Infrastructure,Houston,Corporate,92825.41397855782,44835.963173409014,6,0
2026-01-07,Commercial,Phoenix,Private,61060.2681397854,47213.22651153063,1,1
2026-01-08,Commercial,Phoenix,Corporate,117343.54999786065,8680.189997737316,7,0
2026-01-09,Infrastructure,Chicago,Corporate,108208.38456397907,218586.7472802276,1,0
2026-01-10,Industrial,Phoenix,Private,42022.450453460515,51089.05841720641,5,1
2026-01-11,Residential,Los Angeles,Non-Profit,33738.61233618276,76343.80214335065,5,0
2026-01-12,Residential,Chicago,Government,66294.10745740775,126950.15023795176,4,0
2026-01-13,Commercial,Los Angeles,Non-Profit,281818.95818273904,17656.116432931125,3,1
2026-01-14,Industrial,New York,Private,17342.109955721335,78705.7818787393,1,0
2026-01-15,Residential,Los Angeles,Non-Profit,13800.701928662216,37509.85243689828,5,1
2026-01-16,Industrial,New York,Corporate,70598.26451484705,114321.59621703262,1,0
2026-01-17,Industrial,New York,Government,62999.85487855509,5841.673422054662,5,1
2026-01-18,Commercial,Los Angeles,Private,71206.6622799681,44396.046415458964,2,0
2026-01-19,Residential,Chicago,Private,76416.44478797982,26827.40836854337,1,0
2026-01-20,Infrastructure,Phoenix,Private,47896.50160593991,75528.31897216997,2,0
2026-01-21,Commercial,Phoenix,Government,265631.0084898539,78436.462989371,1,1
2026-01-22,Residential,New York,Corporate,12077.458031906835,24158.078224038672,3,0
2026-01-23,Residential,New York,Private,26147.346059434978,24048.4574894443,4,1
2026-01-24,Residential,Chicago,Non-Profit,54000.319373389655,43885.297384043646,6,0
2026-01-25,Residential,Houston,Private,11577.41143814741,19997.404571394098,6,1
2026-01-26,Residential,Los Angeles,Private,50218.84308797207,113775.63743387848,6,1
2026-01-27,Industrial,New York,Private,315360.0136681664,33887.205374735924,2,1
2026-01-28,Commercial,Phoenix,Private,61137.85358659587,2678.4988358098985,7,0
2026-01-29,Industrial,Chicago,Corporate,75410.43244154319,33697.466766388425,5,1
2026-01-30,Infrastructure,Los Angeles,Non-Profit,16980.74331512531,17351.880734028833,6,0
2026-01-31,Residential,Chicago,Corporate,32326.370231499717,9592.378774760164,3,0
2026-02-01,Commercial,Los Angeles,Non-Profit,41142.77525274272,14222.398524995222,6,0
2026-02-02,Residential,Los Angeles,Private,43577.00592784925,54688.48595522366,1,1
2026-02-03,Commercial,New York,Government,215699.99193854065,185098.02493553486,2,0
2026-02-04,Industrial,Chicago,Corporate,104578.26952727958,67049.36873762489,7,0
2026-02-05,Commercial,Chicago,Government,19703.3124066836,26728.791902170746,1,1
2026-02-06,Infrastructure,Phoenix,Corporate,76611.67646893136,77335.17645535199,7,1
2026-02-07,Infrastructure,Phoenix,Private,98540.38552853501,30974.194142694476,1,1
2026-02-08,Commercial,New York,Corporate,187240.4761720089,24474.808200900137,1,1
2026-02-09,Commercial,New York,Private,290843.5249452666,15454.21918986288,4,1
2026-02-10,Commercial,Houston,Corporate,21696.49071335419,8502.973401488345,4,0
2026-02-11,Commercial,Phoenix,Private,26612.66445479183,33192.40266879572,5,0
2026-02-12,Infrastructure,Los Angeles,Private,17024.727773578554,57414.576147375126,2,1
2026-02-13,Residential,Chicago,Non-Profit,47381.16855588998,44505.86823835954,3,0
2026-02-14,Commercial,New York,Private,95450.0520481777,32339.124856563943,3,0
2026-02-15,Commercial,Chicago,Non-Profit,160706.42248189994,19039.174271343385,3,0
2026-02-16,Infrastructure,Chicago,Private,55495.0427739752,90061.33270237682,1,1
2026-02-17,Infrastructure,Houston,Government,43484.18017290359,13132.798468677916,4,1
2026-02-18,Industrial,Phoenix,Private,69686.22832707578,106513.59556202927,2,0
2026-02-19,Commercial,New York,Government,25974.1501743084,17993.80806075693,1,1
2026-02-20,Industrial,Chicago,Government,483854.113412948,23099.465613947792,7,1
2026-02-21,Infrastructure,New York,Private,11996.125155077312,11307.4243308287,4,1
2026-02-22,Infrastructure,Los Angeles,Government,72022.98469256454,29690.95856770999,4,0
2026-02-23,Residential,Houston,Non-Profit,452981.3434724937,130002.95480881378,6,1
2026-02-24,Commercial,Los Angeles,Corporate,60282.66394174523,82094.64668012102,6,1
2026-02-25,Industrial,New York,Private,49511.535657812135,130407.84817151938,2,1
2026-02-26,Infrastructure,New York,Government,41879.61940487898,82631.19452763842,7,0
2026-02-27,Infrastructure,Phoenix,Private,49991.502413537004,16257.834123124107,2,0
2026-02-28,Industrial,Chicago,Non-Profit,236297.8760273575,35214.414326348975,2,1
2026-03-01,Residential,Chicago,Private,6556.014087592339,22466.9556494008,1,0
2026-03-02,Infrastructure,Los Angeles,Private,277460.45605072455,185456.3649611714,5,0
2026-03-03,Commercial,Houston,Government,14415.26289563331,14812.272714243772,2,1
2026-03-04,Infrastructure,Chicago,Non-Profit,45859.95938427821,119814.2240664874,6,1
2026-03-05,Commercial,Phoenix,Corporate,38978.11367246209,119725.13707298672,5,0
2026-03-06,Industrial,Los Angeles,Corporate,107856.10641914098,305474.07762921136,1,1
2026-03-07,Commercial,Los Angeles,Government,12111.075555862175,32542.86451155655,5,1
2026-03-08,Industrial,Phoenix,Private,95051.36095136128,99939.68765620391,3,0
2026-03-09,Commercial,Houston,Government,453300.0844760491,480053.0206823992,7,0
2026-03-10,Industrial,Phoenix,Government,15318.645038287777,26432.73076888131,5,0
2026-03-11,Commercial,Houston,Government,72381.51062202257,10561.385512274323,2,0
2026-03-12,Residential,Phoenix,Private,30884.750267166342,7480.01417553881,1,1
2026-03-13,Commercial,Phoenix,Non-Profit,91664.20253592698,99978.65866669691,7,1
2026-03-14,Commercial,New York,Government,61031.64489523259,7456.5624688693915,2,0
2026-03-15,Residential,Los Angeles,Private,31524.272730503035,33781.917295744846,7,0
2026-03-16,Infrastructure,Phoenix,Non-Profit,97525.80463296281,75910.71963234768,6,1
2026-03-17,Infrastructure,Phoenix,Government,363795.8398691345,58993.086427676535,3,0
2026-03-18,Commercial,Chicago,Corporate,49468.738731479,75015.11189718782,6,0
2026-03-19,Residential,Los Angeles,Non-Profit,122977.65388873468,61223.71269548877,2,0
2026-03-20,Commercial,Chicago,Government,16427.74646949298,176110.3054673329,2,0
2026-03-21,Industrial,Los Angeles,Non-Profit,23007.226085125614,18914.49085655346,2,1
2026-03-22,Industrial,Chicago,Non-Profit,96029.07391499542,24909.508114191984,4,1
2026-03-23,Commercial,Phoenix,Non-Profit,264108.69702241756,22636.989587572116,3,1
2026-03-24,Infrastructure,Phoenix,Non-Profit,85443.73334747252,112441.88752837329,7,1
2026-03-25,Infrastructure,New York,Non-Profit,43780.420219968386,120619.78305186731,2,0
2026-03-26,Commercial,Chicago,Non-Profit,59831.73025113844,76974.17995319226,2,0
2026-03-27,Commercial,Houston,Government,17147.2358732068,160090.3571320182,7,0
2026-03-28,Industrial,New York,Corporate,109591.5252730483,15092.589377340868,6,0
2026-03-29,Infrastructure,Chicago,Private,144687.72268301918,259684.86354103428,6,0
2026-03-30,Commercial,Chicago,Non-Profit,38097.71810892247,224861.20444524282,2,1
2026-03-31,Industrial,New York,Private,37419.89718541391,102295.6058291827,1,0
2026-04-01,Infrastructure,Phoenix,Government,78110.3796973592,291209.70104300044,4,0
2026-04-02,Residential,Chicago,Non-Profit,38687.8263123504,9352.29262089877,6,0
2026-04-03,Industrial,Phoenix,Corporate,56042.59947138575,29014.525524852772,1,1
2026-04-04,Infrastructure,New York,Private,488806.40445939085,23498.60976199045,4,0
2026-04-05,Infrastructure,Phoenix,Non-Profit,46768.92657225692,100859.054757281,2,0
2026-04-06,Industrial,Los Angeles,Government,41842.16524422486,17151.81469983765,3,1
2026-04-07,Residential,Houston,Corporate,31333.973222332523,104557.78346017205,5,1
2026-04-08,Industrial,Chicago,Private,126019.50449082447,193017.50128263247,5,0
2026-04-09,Infrastructure,Houston,Private,49949.90223322028,98243.35561181365,2,1
2026-04-10,Commercial,Phoenix,Non-Profit,31276.645932201074,65104.63498975437,6,0
2026-04-11,Commercial,Chicago,Corporate,224426.61084946108,18253.765365001404,1,0
2026-04-12,Industrial,Phoenix,Corporate,247608.21667326766,21018.305634399243,3,0
2026-04-13,Infrastructure,Los Angeles,Corporate,32845.71041004361,171034.21536044596,7,1
2026-04-14,Commercial,New York,Corporate,9260.006676454614,106867.92485978082,4,0
2026-04-15,Infrastructure,Chicago,Government,163982.2861737305,47144.870008339945,2,1
2026-04-16,Industrial,Los Angeles,Corporate,30193.144498715137,32276.363277000524,3,0
2026-04-17,Commercial,Los Angeles,Private,132009.02879121283,6465.218751389213,3,0
2026-04-18,Infrastructure,Chicago,Private,8348.992753857316,16800.225389038656,6,0
2026-04-19,Commercial,Phoenix,Government,146180.48535713265,331511.9337280456,4,0
2026-04-20,Industrial,Los Angeles,Private,17833.394439412314,13623.403372532108,3,0
2026-04-21,Infrastructure,Houston,Private,124338.64361257723,59247.55671213268,6,0
2026-04-22,Commercial,Los Angeles,Corporate,60734.85731555742,134247.98100581576,1,0
2026-04-23,Industrial,Phoenix,Private,23064.74593146205,13975.727193711586,6,0
2026-04-24,Commercial,Phoenix,Government,39853.42736114539,58965.65736063899,1,1
2026-04-25,Commercial,Houston,Corporate,118933.34117541919,125231.0283870438,1,1
2026-04-26,Residential,Los Angeles,Non-Profit,66562.35477604967,49637.37324920452,7,0
2026-04-27,Residential,Phoenix,Corporate,107410.47409593913,863201.1763185795,7,0
2026-04-28,Industrial,Chicago,Government,432112.2124400753,9240.957096296814,3,0
2026-04-29,Residential,New York,Corporate,12528.463169452845,141312.42946579863,6,0
2026-04-30,Industrial,New York,Corporate,301707.28608911653,41241.41556554584,7,1
2026-05-01,Residential,New York,Government,66460.02629255335,106076.96078969166,1,0
2026-05-02,Commercial,Los Angeles,Corporate,24372.62735087252,76214.51062530796,7,1
2026-05-03,Industrial,Houston,Government,15830.3834291832,23549.121682519322,4,1
2026-05-04,Industrial,Phoenix,Government,49557.04004205814,61635.69170104909,3,0
2026-05-05,Commercial,Chicago,Non-Profit,150489.7285379094,7647.228308856237,6,0
2026-05-06,Industrial,Chicago,Private,52704.223815658544,89612.26722379235,6,0
2026-05-07,Industrial,Los Angeles,Private,271347.32742074673,66049.41585902867,5,0
2026-05-08,Residential,New York,Corporate,14028.192166516708,92842.53533298675,6,0
2026-05-09,Industrial,Los Angeles,Corporate,59154.68384494687,141226.2262469848,3,1
2026-05-10,Infrastructure,Houston,Non-Profit,17113.2202116622,70800.39368646992,4,1
2026-05-11,Commercial,Houston,Non-Profit,86131.6210543546,56845.333978718685,6,0
2026-05-12,Residential,Phoenix,Non-Profit,145348.18082681322,20311.279748319757,5,0
2026-05-13,Residential,Phoenix,Government,39310.15676478109,24047.329655909052,3,0
2026-05-14,Infrastructure,Houston,Non-Profit,4428.366872979754,160610.04418709176,1,0
2026-05-15,Commercial,Houston,Non-Profit,73053.55978530204,206145.0663887848,2,1
2026-05-16,Commercial,Houston,Corporate,92664.29885312454,38634.06053650071,2,0
2026-05-17,Residential,Los Angeles,Non-Profit,89706.16322198397,51328.56748689546,1,0
2026-05-18,Industrial,Houston,Government,206031.05561505543,19838.616092549004,7,1
2026-05-19,Residential,Chicago,Government,20515.712200324855,158380.6901428355,6,1
2026-05-20,Commercial,New York,Corporate,118209.77808528778,95360.22327545995,2,0
2026-05-21,Infrastructure,Houston,Non-Profit,197305.29174915544,341539.09663558594,7,1
2026-05-22,Residential,New York,Non-Profit,10111.335659448378,20367.116089186096,2,1
2026-05-23,Commercial,Los Angeles,Government,82425.63945390332,33590.282774421474,1,1
2026-05-24,Residential,New York,Non-Profit,36164.02680241863,61786.85524526286,6,0
2026-05-25,Industrial,Los Angeles,Non-Profit,55186.70362539919,93572.28682782468,6,0
2026-05-26,Residential,Chicago,Non-Profit,84768.26205784074,39510.919765849874,7,0
2026-05-27,Residential,Los Angeles,Private,36782.27814019151,20476.61760578776,1,0
2026-05-28,Commercial,Los Angeles,Corporate,30463.725314884,118350.69992177328,7,0
2026-05-29,Commercial,Phoenix,Private,61954.30755993565,100824.3691201884,6,0
2026-05-30,Commercial,Houston,Corporate,20186.191512321275,19608.646569329027,6,1
2026-05-31,Residential,Houston,Government,20214.892639227557,190126.09731795124,3,1
2026-06-01,Industrial,Chicago,Non-Profit,118110.19019866367,157976.0485712231,7,0
2026-06-02,Infrastructure,Chicago,Corporate,18981.231702981364,56066.653176743355,3,0
2026-06-03,Infrastructure,Houston,Private,116577.60888824327,53082.249255853334,1,1
2026-06-04,Commercial,Phoenix,Non-Profit,95091.16032573192,85310.92230958097,4,1
2026-06-05,Commercial,Houston,Government,10659.355872860171,20708.44629786738,2,0
2026-06-06,Residential,Phoenix,Corporate,30407.219649365015,50515.29694331092,3,1
2026-06-07,Infrastructure,Chicago,Corporate,197621.60651848343,5696.552551894127,2,1
2026-06-08,Commercial,New York,Corporate,22445.254025963466,117766.08970843069,5,1
2026-06-09,Industrial,Chicago,Non-Profit,37631.462108305,10285.668294431236,1,1
2026-06-10,Industrial,Chicago,Private,95040.73738547212,220448.59742284275,4,0
2026-06-11,Commercial,Los Angeles,Private,131057.37839229495,35237.98524525262,5,1
2026-06-12,Commercial,Los Angeles,Corporate,46558.32533909423,39669.30596198422,5,0
2026-06-13,Infrastructure,Los Angeles,Government,32941.54168001362,26167.307203449323,6,0
2026-06-14,Infrastructure,Los Angeles,Government,248294.26190352204,36752.48517183211,5,0
2026-06-15,Residential,Phoenix,Private,340748.40333061176,202507.32650544375,1,1
2026-06-16,Infrastructure,Houston,Government,159349.95712470723,4073.229054921123,3,1
2026-06-17,Industrial,New York,Private,65206.74167971902,175775.93846889102,1,0
2026-06-18,Industrial,Chicago,Corporate,26681.728341810347,68735.66475288445,3,0
2026-06-19,Commercial,Phoenix,Private,26096.47674128722,14661.471596309162,5,0
2026-06-20,Infrastructure,New York,Private,100963.4758592951,16725.463656112926,5,0
2026-06-21,Residential,Phoenix,Corporate,90980.29475426879,262076.84131591668,4,0
2026-06-22,Industrial,Phoenix,Government,243190.06885651476,19043.728620036636,3,0
2026-06-23,Industrial,Chicago,Private,114742.9964031175,15469.869214650134,5,0
2026-06-24,Residential,Houston,Private,13318.63815484478,152865.6243682519,6,0
2026-06-25,Residential,Los Angeles,Corporate,171432.9689741175,68772.06271639114,2,1
2026-06-26,Industrial,Houston,Government,22069.224770321813,19188.653570560044,4,0
2026-06-27,Industrial,Chicago,Private,40783.33120627623,60877.86819439296,1,1
2026-06-28,Residential,Chicago,Corporate,76895.3131461186,17575.256591264144,4,1
2026-06-29,Industrial,Chicago,Private,440500.77767065994,147387.63950788788,2,0
2026-06-30,Commercial,New York,Non-Profit,1342331.460564705,141686.33216305717,3,1
2026-07-01,Commercial,Houston,Corporate,109833.74135169988,83450.27285957836,1,1
2026-07-02,Residential,Houston,Government,49851.475875445154,70379.76425353682,1,0
2026-07-03,Infrastructure,Phoenix,Government,102181.47197437721,285269.0716375863,3,0
2026-07-04,Residential,Phoenix,Government,145459.85630963618,49005.42706499664,7,0
2026-07-05,Residential,Phoenix,Government,43448.533315660796,15034.846330404345,7,0
2026-07-06,Infrastructure,Chicago,Private,360487.0655660116,76839.48486251051,4,0
2026-07-07,Infrastructure,Houston,Private,75362.9277884375,394765.4419032615,5,0
2026-07-08,Infrastructure,Chicago,Government,98493.2295329216,17769.530623474224,7,0
2026-07-09,Commercial,New York,Government,116532.35655025543,34150.661434092144,4,0
2026-07-10,Industrial,Phoenix,Government,91270.83832824955,74343.0921808687,7,0
2026-07-11,Commercial,Chicago,Private,138543.61994413074,46448.300274742665,2,0
2026-07-12,Industrial,Chicago,Government,32297.55511956192,18355.71812940995,6,1
2026-07-13,Commercial,New York,Government,34258.78290688414,150520.99516974637,5,0
2026-07-14,Industrial,Los Angeles,Non-Profit,19927.29675500836,498840.01994490874,4,1
2026-07-15,Commercial,Houston,Non-Profit,92920.65450624318,59642.96359389185,6,0
2026-07-16,Infrastructure,Los Angeles,Government,130474.94611390131,19849.45262689814,6,1
2026-07-17,Residential,Phoenix,Corporate,94634.0726457883,10415.38662500984,7,0
2026-07-18,Commercial,Chicago,Government,319493.57189969096,63448.00186905286,3,0
2026-07-19,Industrial,New York,Non-Profit,59540.020636638146,147838.7369255957,2,0
2026-07-20,Infrastructure,New York,Corporate,116861.13816165266,78839.36811796496,2,0
2026-07-21,Commercial,Houston,Corporate,20096.46331043683,48903.10444746891,2,0
2026-07-22,Commercial,Los Angeles,Government,40655.9427549959,27193.36661819096,5,0
2026-07-23,Infrastructure,Houston,Non-Profit,120034.8933683212,16445.980293609893,1,0
2026-07-24,Commercial,Chicago,Non-Profit,139958.62339681236,112955.73850599502,5,1
2026-07-25,Residential,Houston,Corporate,44624.26517750434,122243.66933134642,4,0
2026-07-26,Commercial,New York,Government,55737.07077865826,10449.090428912405,6,1
2026-07-27,Residential,New York,Private,13123.059820320112,240346.99681152173,6,0
2026-07-28,Residential,Phoenix,Private,41897.054252118614,87035.48785927883,1,0
2026-07-29,Infrastructure,Phoenix,Non-Profit,145857.1742789021,198708.5873251457,4,0
2026-07-30,Commercial,Chicago,Private,106425.98181881067,12808.601949650147,1,0
2026-07-31,Infrastructure,Los Angeles,Non-Profit,98781.51008971238,12508.652009086598,6,0
2026-08-01,Commercial,Houston,Non-Profit,62929.71119349526,42236.104462694006,7,0
2026-08-02,Commercial,Chicago,Non-Profit,60298.53930523989,81046.99307900695,5,1
2026-08-03,Industrial,Phoenix,Private,30936.09365082043,295481.2975395311,2,0
2026-08-04,Commercial,Houston,Non-Profit,120430.53831704188,99317.68330787116,6,1
2026-08-05,Infrastructure,Phoenix,Corporate,91214.84567958991,38457.873376375625,3,0
2026-08-06,Residential,Houston,Government,97931.0411265848,17564.424362826936,2,1
2026-08-07,Commercial,Los Angeles,Government,35382.23571934396,167711.50879193703,6,1
2026-08-08,Industrial,Chicago,Non-Profit,6951.1130730331815,18681.603979733165,5,0
2026-08-09,Infrastructure,Houston,Government,179360.44363812968,249813.1593356587,1,0
2026-08-10,Commercial,New York,Private,37092.22077489232,36887.032680471646,7,0
2026-08-11,Infrastructure,New York,Private,25266.235949332906,240525.66370280727,7,1
2026-08-12,Industrial,Houston,Government,119788.01428022295,96657.71350189937,2,0
2026-08-13,Industrial,Houston,Private,40456.69250426732,42744.871854837234,5,1
2026-08-14,Infrastructure,Houston,Government,172807.99195922224,29161.47092731332,7,0
2026-08-15,Commercial,New York,Government,110968.97642654995,34859.88857297371,7,0
2026-08-16,Residential,New York,Government,118606.8265343071,75230.85204633664,4,0
2026-08-17,Industrial,Houston,Non-Profit,15276.09227425489,52952.814112490916,3,0
2026-08-18,Commercial,Phoenix,Government,201177.72199101516,27070.19515707571,2,1
2026-08-19,Commercial,Phoenix,Non-Profit,77749.7435181302,41538.19272747458,1,0
2026-08-20,Residential,Los Angeles,Government,41387.03145055547,53028.08881139049,7,0
2026-08-21,Industrial,Chicago,Government,69105.4216319078,5832.878551388795,4,0
2026-08-22,Industrial,Phoenix,Government,10135.149068861174,77510.45541236151,5,0
2026-08-23,Commercial,New York,Private,90097.96086944519,18403.180377851673,7,1
2026-08-24,Commercial,Phoenix,Non-Profit,21388.923890640086,15470.149336144703,3,0
2026-08-25,Residential,Los Angeles,Non-Profit,15480.39578241681,9069.34797914283,1,0
2026-08-26,Residential,Los Angeles,Government,13064.328944319192,8152.724967009463,5,1
2026-08-27,Industrial,Chicago,Government,182168.68454881283,12639.12571115993,5,1
2026-08-28,Infrastructure,Phoenix,Private,31911.974876393364,24124.399684885142,2,1
2026-08-29,Industrial,New York,Private,277542.04380972567,345676.6700532054,7,0
2026-08-30,Commercial,New York,Private,35038.35287479841,28973.01979727941,2,0
2026-08-31,Industrial,Houston,Non-Profit,10857.833091473372,58556.65969424947,1,1
2026-09-01,Infrastructure,New York,Non-Profit,19603.73836719126,73165.65431604299,7,0
2026-09-02,Residential,Chicago,Non-Profit,206037.1188242457,55885.77677315151,6,0
2026-09-03,Infrastructure,Chicago,Government,51231.08839957582,45367.73911570206,7,0
2026-09-04,Infrastructure,New York,Non-Profit,34603.589675437644,14834.43188490941,6,1
2026-09-05,Infrastructure,New York,Corporate,70264.23680805502,209175.21903048133,5,1
2026-09-06,Residential,Houston,Corporate,98891.91214598445,298700.4896992431,2,0
2026-09-07,Infrastructure,New York,Private,183028.80355299026,9111.94351261179,3,1
2026-09-08,Infrastructure,Houston,Non-Profit,254867.53788310965,17605.58410000771,7,0
2026-09-09,Infrastructure,Houston,Corporate,41782.43664306369,37056.15180726773,3,0
2026-09-10,Commercial,New York,Private,15898.05913725039,18684.73585520275,7,0
2026-09-11,Infrastructure,Los Angeles,Non-Profit,39598.037537341006,81305.22433674382,5,1
2026-09-12,Residential,Los Angeles,Government,77674.36091771229,23664.41678924975,2,1
2026-09-13,Infrastructure,Houston,Corporate,22839.369853536977,427220.7202059204,1,1
2026-09-14,Infrastructure,New York,Government,22990.792417980487,161223.77638186602,1,1
2026-09-15,Residential,Los Angeles,Non-Profit,84439.27209551685,60631.7541462482,1,0
2026-09-16,Infrastructure,New York,Corporate,57030.85113798061,136897.29653140702,7,0
2026-09-17,Residential,New York,Non-Profit,61870.39020830151,148138.12941692505,7,0
2026-09-18,Infrastructure,New York,Government,28043.28996219759,27890.809695274216,3,0
2026-09-19,Residential,Phoenix,Corporate,47552.95854941038,21672.138087772884,2,0
2026-09-20,Infrastructure,New York,Government,23760.192035157543,53005.08137664867,7,1
2026-09-21,Infrastructure,Phoenix,Non-Profit,145830.22930577712,116033.72081180924,2,0
2026-09-22,Commercial,Houston,Non-Profit,168594.10081851922,56334.38640562866,3,0
2026-09-23,Commercial,Los Angeles,Government,9450.39801662205,10127.436629718188,7,0
2026-09-24,Infrastructure,Los Angeles,Corporate,23635.122821493405,21964.341051961157,1,1
2026-09-25,Infrastructure,Los Angeles,Government,13406.175592830941,45525.46580552481,1,0
2026-09-26,Industrial,Los Angeles,Non-Profit,31256.294709781156,45448.46818212965,5,0
